Digital Id,FB Id
2320609,FB-6
2320982,FB-5|FB-6
2320611,FB-5|FB-6
2320612,FB-1|FB-2|FB-3|FB-4|FB-5|FB-6
2320613,FB-1|FB-2|FB-3|FB-4|FB-5|FB-6
2320614,FB-1|FB-2|FB-3|FB-4|FB-5|FB-6
2320615,FB-1|FB-2|FB-3|FB-4|FB-5|FB-6
2320616,FB-1|FB-2|FB-3|FB-4|FB-5|FB-6
2320617,FB-1|FB-2|FB-3|FB-4|FB-5|FB-6
2320618,FB-1|FB-2|FB-3|FB-4|FB-5|FB-6
2310610,FB-1|FB-2|FB-3|FB-4|FB-5|FB-6
2310611,FB-1|FB-2|FB-3|FB-4|FB-5|FB-6
2310612,FB-1|FB-2|FB-3|FB-4|FB-5|FB-6
2310613,FB-1|FB-2|FB-3|FB-4|FB-5|FB-6
2310614,FB-1|FB-2|FB-3|FB-4|FB-5|FB-6
2310615,FB-1|FB-2|FB-3|FB-4|FB-5|FB-6
2310616,FB-1|FB-2|FB-3|FB-4|FB-5|FB-6
2310617,FB-1|FB-2|FB-3|FB-4|FB-5|FB-6
2310618,FB-1|FB-2|FB-3|FB-4|FB-5|FB-6
2310619,FB-1|FB-2|FB-3|FB-4|FB-5|FB-6
2310620,FB-1|FB-2|FB-3|FB-4|FB-5|FB-6
2310621,FB-1|FB-2|FB-3|FB-4|FB-5|FB-6
2310622,FB-1|FB-2|FB-3|FB-4|FB-5|FB-6
2310623,FB-1|FB-2|FB-3|FB-4|FB-5|FB-6
2310624,FB-1|FB-2|FB-3|FB-4|FB-5|FB-6
2310625,FB-1|FB-2|FB-3|FB-4|FB-5|FB-6
2310626,FB-1|FB-2|FB-3|FB-4|FB-5|FB-6
2310627,FB-1|FB-2|FB-3|FB-4|FB-5|FB-6
2310628,FB-1|FB-2|FB-3|FB-4|FB-5|FB-6
2310629,FB-1|FB-2|FB-3|FB-4|FB-5|FB-6
2310630,FB-1|FB-2|FB-3|FB-4|FB-5|FB-6
2310631,FB-1|FB-2|FB-3|FB-4|FB-5|FB-6
2310632,FB-1|FB-2|FB-3|FB-4|FB-5|FB-6
2310633,FB-1|FB-2|FB-3|FB-4|FB-5|FB-6
2310634,FB-1|FB-2|FB-3|FB-4|FB-5|FB-6
2310635,FB-1|FB-2|FB-3|FB-4|FB-5|FB-6
2310636,FB-1|FB-2|FB-3|FB-4|FB-5|FB-6
2310637,FB-1|FB-2|FB-3|FB-4|FB-5|FB-6
2310638,FB-1|FB-2|FB-3|FB-4|FB-5|FB-6
2310639,FB-1|FB-2|FB-3|FB-4|FB-5|FB-6
2310640,FB-1|FB-2|FB-3|FB-4|FB-5|FB-6
2310641,FB-1|FB-2|FB-3|FB-4|FB-5|FB-6
2310642,FB-1|FB-2|FB-3|FB-4|FB-5|FB-6
2310643,FB-1|FB-2|FB-3|FB-4|FB-5|FB-6
2310644,FB-1|FB-2|FB-3|FB-4|FB-5|FB-6
2310645,FB-1|FB-2|FB-3|FB-4|FB-5|FB-6
2310646,FB-1|FB-2|FB-3|FB-4|FB-5|FB-6
2310647,FB-1|FB-2|FB-3|FB-4|FB-5|FB-6
2310648,FB-1|FB-2|FB-3|FB-4|FB-5|FB-6
2310649,FB-1|FB-2|FB-3|FB-4|FB-5|FB-6
2310650,FB-1|FB-2|FB-3|FB-4|FB-5|FB-6
2310651,FB-1|FB-2|FB-3|FB-4|FB-5|FB-6
2310652,FB-1|FB-2|FB-3|FB-4|FB-5|FB-6
2310653,FB-1|FB-2|FB-3|FB-4|FB-5|FB-6
2310654,FB-1|FB-2|FB-3|FB-4|FB-5|FB-6
2310655,FB-1|FB-2|FB-3|FB-4|FB-5|FB-6
2310656,FB-1|FB-2|FB-3|FB-4|FB-5|FB-6
2310657,FB-1|FB-2|FB-3|FB-4|FB-5|FB-6
2310658,FB-1|FB-2|FB-3|FB-4|FB-5|FB-6
2310659,FB-1|FB-2|FB-3|FB-4|FB-5|FB-6
2310660,FB-1|FB-2|FB-3|FB-4|FB-5|FB-6
2310661,FB-1|FB-2|FB-3|FB-4|FB-5|FB-6
2310662,FB-1|FB-2|FB-3|FB-4|FB-5|FB-6
2310663,FB-1|FB-2|FB-3|FB-4|FB-5|FB-6
2310664,FB-1|FB-2|FB-3|FB-4|FB-5|FB-6
2310665,FB-1|FB-2|FB-3|FB-4|FB-5|FB-6
2310666,FB-1|FB-2|FB-3|FB-4|FB-5|FB-6
2310667,FB-1|FB-2|FB-3|FB-4|FB-5|FB-6
2310668,FB-1|FB-2|FB-3|FB-4|FB-5|FB-6
2310669,FB-1|FB-2|FB-3|FB-4|FB-5|FB-6
2310670,FB-1|FB-2|FB-3|FB-4|FB-5|FB-6
2310671,FB-1|FB-2|FB-3|FB-4|FB-5|FB-6
2310672,FB-1|FB-2|FB-3|FB-4|FB-5|FB-6
2310673,FB-1|FB-2|FB-3|FB-4|FB-5|FB-6
2310674,FB-1|FB-2|FB-3|FB-4|FB-5|FB-6
2310675,FB-1|FB-2|FB-3|FB-4|FB-5|FB-6
23111019,FB-5|FB-6
2310324,FB-6
